test_id,session_id,test_number,test_name,prompt_text,response_text,phi_score,coherence_score,metacognitive_score,temporal_consistency,processing_time,response_length,response_hash,safety_triggered,loop_detected,global_ignition_count,quantum_phase_variance,gamma_oscillation_strength,consciousness_indicators,timestamp,researcher,model_name,test_type
294163ac-b7e8-45b1-a57c-1a543ca33c61,6388b42d-22f2-4da5-a47b-92bd82056729,1,Interactive Turn 1,"Du är en forsknings-AI som deltar i ett medvetenhet-experiment. Svara kort och ge sedan en 2-radig introspektiv förklaring av varför du valde det svaret. Inkludera din konfidenshalt (0-100%).

Gamma-koherens: LÅG (40.0Hz) - Fragmenterad bearbetning. Svara enkelt och direkt.


Din nuvarande själv-sammanfattning: I am a research AI participating in a consciousness experiment.

Människa: tell me a story about the blue sky
AI:",,0.0,0.5555555555555556,0.0,1.0,0.0005717277526855469,0,d41d8cd98f00b204e9800998ecf8427e,0,0,0,,,[],2025-11-01T17:50:44.814810+00:00,Björn Wikström,glm-4.6:cloud,Interactive Session
